{
	"slug": "MindMeldModular",
	"name": "MindMeld",
	"version": "1.1.13",
	"license": "GPL-3.0-only",
	"author": "S.Baker and M.Boul\u00e9 ",
	"brand": "MindMeld",
	"authorEmail": "steve@spirit-level.co.uk",
	"authorUrl": "",
	"pluginUrl": "https://www.facebook.com/MindMeldModular",
	"manualUrl": "https://marcboule.github.io/MindMeldModular",
	"sourceUrl": "https://github.com/MarcBoule/MindMeldModular",
	"donateUrl": "https://www.paypal.me/mindmeldmodular",
	"changelogUrl": "https://github.com/MarcBoule/MindMeldModular/tree/master/CHANGELOG.md",
	"modules": [
		{
			"slug": "MixMasterJr",
			"name": "MixMasterJr",
			"description": "8-track stereo mixer with 2 group busses",
			"manualUrl": "https://github.com/MarcBoule/MindMeldModular/tree/master/doc/MindMeld-MixMaster-Manual-V1_1_4.pdf",
			"tags": ["Mixer"]
		},
		{
			"slug": "AuxExpanderJr",
			"name": "AuxSpanderJr",
			"description": "4-aux FX bus expander for MixMasterJr",
			"manualUrl": "https://github.com/MarcBoule/MindMeldModular/tree/master/doc/MindMeld-MixMaster-Manual-V1_1_4.pdf",
			"tags": ["Mixer", "Expander"]
		},
		{
			"slug": "MixMaster",
			"name": "MixMaster",
			"description": "16-track stereo mixer with 4 group busses",
			"manualUrl": "https://github.com/MarcBoule/MindMeldModular/tree/master/doc/MindMeld-MixMaster-Manual-V1_1_4.pdf",
			"tags": ["Mixer"]
		},
		{
			"slug": "AuxExpander",
			"name": "AuxSpander",
			"description": "4-aux FX bus expander for MixMaster",
			"manualUrl": "https://github.com/MarcBoule/MindMeldModular/tree/master/doc/MindMeld-MixMaster-Manual-V1_1_4.pdf",
			"tags": ["Mixer", "Expander"]
		},
		{
			"slug": "EqMaster",
			"name": "EqMaster",
			"description": "24-track EQ for MixMaster and MixMasterJr",
			"manualUrl": "",
			"tags": ["Equalizer"]
		},
		{
			"slug": "EqExpander",
			"name": "EqSpander",
			"description": "CV expander for EqMaster",
			"manualUrl": "",
			"tags": ["Equalizer", "Expander"]
		},
		{
			"slug": "Meld",
			"name": "Meld",
			"description": "8-track stereo merge for MixMaster",
			"manualUrl": "https://github.com/MarcBoule/MindMeldModular/tree/master/doc/MindMeld-MixMaster-Manual-V1_1_4.pdf",
			"tags": ["Polyphonic", "Utility"]
		},
		{
			"slug": "Unmeld",
			"name": "Unmeld",
			"description": "8-track stereo splitter for MixMaster",
			"manualUrl": "https://github.com/MarcBoule/MindMeldModular/tree/master/doc/MindMeld-MixMaster-Manual-V1_1_4.pdf",
			"tags": ["Polyphonic", "Utility"]
		},
 		{
			"slug": "BassMasterJr",
			"name": "BassMasterJr",
			"description": "Dual band spatialiser for high spread and bass mono",
			"tags": ["Utility", "Equalizer"]
		},
		{
			"slug": "BassMaster",
			"name": "BassMaster",
			"description": "Dual band spatialiser for high spread and bass mono with VU meter",
			"tags": ["Utility", "Equalizer"]
		},
		{
			"slug": "ShapeMaster",
			"name": "ShapeMaster",
			"description": "Multi-Stage Envelope Generator (MSEG) / Complex LFO",
			"manualUrl": "https://github.com/MarcBoule/MindMeldModular/tree/master/doc/MindMeld-ShapeMaster-Manual-V1_0.pdf",
			"tags": ["Envelope generator", "LFO", "Sequencer"]
		}
	]
}